{
  "Delete" : {
    "transaction" : "Delete",
    "sampleCount" : 120,
    "errorCount" : 0,
    "errorPct" : 0.0,
    "meanResTime" : 457.425,
    "medianResTime" : 427.0,
    "minResTime" : 397.0,
    "maxResTime" : 948.0,
    "pct1ResTime" : 564.0000000000002,
    "pct2ResTime" : 673.6499999999996,
    "pct3ResTime" : 923.8499999999991,
    "throughput" : 13.437849944008958,
    "receivedKBytesPerSec" : 10.07816874300112,
    "sentKBytesPerSec" : 3.0313899776035833
  },
  "Register" : {
    "transaction" : "Register",
    "sampleCount" : 120,
    "errorCount" : 0,
    "errorPct" : 0.0,
    "meanResTime" : 447.0333333333333,
    "medianResTime" : 426.0,
    "minResTime" : 395.0,
    "maxResTime" : 930.0,
    "pct1ResTime" : 491.0000000000001,
    "pct2ResTime" : 618.2499999999998,
    "pct3ResTime" : 894.7199999999987,
    "throughput" : 13.176677281212255,
    "receivedKBytesPerSec" : 11.125113237070387,
    "sentKBytesPerSec" : 3.1526229823212915
  },
  "Create" : {
    "transaction" : "Create",
    "sampleCount" : 120,
    "errorCount" : 0,
    "errorPct" : 0.0,
    "meanResTime" : 65.35833333333332,
    "medianResTime" : 64.0,
    "minResTime" : 57.0,
    "maxResTime" : 106.0,
    "pct1ResTime" : 72.0,
    "pct2ResTime" : 75.0,
    "pct3ResTime" : 102.00999999999985,
    "throughput" : 14.142604596346494,
    "receivedKBytesPerSec" : 25.771121832645846,
    "sentKBytesPerSec" : 3.0246390689451976
  },
  "Total" : {
    "transaction" : "Total",
    "sampleCount" : 720,
    "errorCount" : 0,
    "errorPct" : 0.0,
    "meanResTime" : 375.6680555555555,
    "medianResTime" : 417.0,
    "minResTime" : 57.0,
    "maxResTime" : 1550.0,
    "pct1ResTime" : 468.9,
    "pct2ResTime" : 673.3999999999992,
    "pct3ResTime" : 1264.3499999999976,
    "throughput" : 59.995000416631946,
    "receivedKBytesPerSec" : 62.109814416506964,
    "sentKBytesPerSec" : 12.586841721523207
  },
  "Get" : {
    "transaction" : "Get",
    "sampleCount" : 120,
    "errorCount" : 0,
    "errorPct" : 0.0,
    "meanResTime" : 375.30000000000007,
    "medianResTime" : 270.5,
    "minResTime" : 230.0,
    "maxResTime" : 1550.0,
    "pct1ResTime" : 791.2000000000004,
    "pct2ResTime" : 1274.7499999999993,
    "pct3ResTime" : 1547.6899999999998,
    "throughput" : 12.059089538739826,
    "receivedKBytesPerSec" : 13.5338942066124,
    "sentKBytesPerSec" : 1.4720568284594513
  },
  "Update" : {
    "transaction" : "Update",
    "sampleCount" : 120,
    "errorCount" : 0,
    "errorPct" : 0.0,
    "meanResTime" : 455.7916666666667,
    "medianResTime" : 428.5,
    "minResTime" : 400.0,
    "maxResTime" : 962.0,
    "pct1ResTime" : 487.5,
    "pct2ResTime" : 692.5999999999999,
    "pct3ResTime" : 949.8199999999995,
    "throughput" : 13.536379018612521,
    "receivedKBytesPerSec" : 11.213779610829103,
    "sentKBytesPerSec" : 2.9478637901861253
  },
  "login" : {
    "transaction" : "login",
    "sampleCount" : 120,
    "errorCount" : 0,
    "errorPct" : 0.0,
    "meanResTime" : 453.1000000000001,
    "medianResTime" : 429.5,
    "minResTime" : 393.0,
    "maxResTime" : 1429.0,
    "pct1ResTime" : 467.40000000000003,
    "pct2ResTime" : 619.9499999999998,
    "pct3ResTime" : 1329.4599999999962,
    "throughput" : 13.166556945358789,
    "receivedKBytesPerSec" : 11.116032854674128,
    "sentKBytesPerSec" : 3.1630595786701776
  }
}